Description;URL
mignon;http://www.photos-a-la-con.fr/wp-content/uploads/2015/09/image-drole-mignon.jpg
chat trop mignon;http://www.lebonchat.fr/pics/chats/chat-potte-13039.jpg
pokemon;http://www.startgame.fr/modules/psblog/uploads/1456826098.jpg
game of throne ;https://upload.wikimedia.org/wikipedia/en/thumb/d/d8/Game_of_Thrones_title_card.jpg/250px-Game_of_Thrones_title_card.jpg
one piece ;https://www.jeuxvideo-live.com/news-img/one-piece-1512552099.jpg
licorne;https://www.hollyparty.com/ori-ballon-mylar-licorne-1320.jpg
Obama;https://img1.elleadore.com/var/elleadore/storage/images/article/je-suis-une-fille-drole-a-ma-maniere-41656/426590-1-fre-FR/Je-suis-une-fille-drole-a-ma-maniere_width1024.jpg
Avengers vs Tanos;http://media.rtl.fr/online/image/2017/0724/7789467995_le-premier-poser-d-avengers-infinity-war.jpg
Baguette et fromage;http://static.cuisineaz.com/610x610/i119525-baguette-au-fromage.jpeg
like;https://upload.wikimedia.org/wikipedia/commons/thumb/1/13/Facebook_like_thumb.png/1200px-Facebook_like_thumb.png
gateau;http://static.750g.com/images/622-auto/87f2a344908bee01e052c6f60c7eb1af/gateau-d-anniversaire.jpg
ET;https://www.sitedrole.com/wp-content/uploads/2017/06/touche-a-rien-image-drole.jpg
chat et chien;https://static.actu.fr/uploads/2016/11/Image-33.png
chien mignon;http://maxetcaramel.aufeminin.com/sites/default/files/styles/large/public/articles/images/content/images/boo1.jpg?itok=9P5cZ2Jz
paysage;https://www.photo-paysage.com/images_accueil/Plus-belles-photos-de-nature.jpg
